run_name,phase,method,p,seed,delay_mode,spy_selection_method,bribed_nodes,total_packets,correct_guesses,accuracy,score_adv,mean_t80,median_t80,score_honest,missing_observation_packets
phase1_seed101,1,no_attack,0.5,101,none,none,0,200,0,0.0,0.0,0.5317103445529938,0.4663810729980469,1.8807232363340511,200
phase1_seed202,1,no_attack,0.5,202,none,none,0,200,0,0.0,0.0,0.5071519863605499,0.5040810108184814,1.9717954910839475,200
phase1_seed303,1,no_attack,0.5,303,none,none,0,200,0,0.0,0.0,0.6205935454368592,0.6127440929412842,1.6113606197693569,200
phase1_seed404,1,no_attack,0.5,404,none,none,0,200,0,0.0,0.0,0.5250869727134705,0.5091716051101685,1.9044464097677778,200
phase1_seed505,1,no_attack,0.5,505,none,none,0,200,0,0.0,0.0,0.9365914463996887,0.9484090805053711,1.067701401549264,200
phase2_seed101_spies1,2,first_spy,0.5,101,none,cluster_spread,1,200,21,0.105,0.105,0.5323530805110931,0.4671053886413574,1.68121502958289,0
phase2_seed101_spies1,2,advanced_timing,0.5,101,none,cluster_spread,1,200,32,0.16,0.16,0.5323530805110931,0.4671053886413574,1.5779001394967906,0
phase2_seed101_spies2,2,first_spy,0.5,101,none,cluster_spread,2,200,46,0.23,0.115,0.533449627161026,0.4674779176712036,1.4434352576041252,0
phase2_seed101_spies2,2,advanced_timing,0.5,101,none,cluster_spread,2,200,60,0.3,0.15,0.533449627161026,0.4674779176712036,1.3122138705492046,0
phase2_seed101_spies3,2,first_spy,0.5,101,none,cluster_spread,3,200,79,0.395,0.13166666666666668,0.5324294769763946,0.4648144245147705,1.136300723685933,0
phase2_seed101_spies3,2,advanced_timing,0.5,101,none,cluster_spread,3,200,157,0.785,0.26166666666666666,0.5324294769763946,0.4648144245147705,0.40380934808673646,0
phase2_seed101_spies4,2,first_spy,0.5,101,none,cluster_spread,4,200,86,0.43,0.1075,0.531472018957138,0.46519148349761963,1.0724929623171173,0
phase2_seed101_spies4,2,advanced_timing,0.5,101,none,cluster_spread,4,200,153,0.765,0.19125,0.531472018957138,0.46519148349761963,0.44216815113074126,0
phase2_seed101_spies5,2,first_spy,0.5,101,none,cluster_spread,5,200,97,0.485,0.097,0.5322814333438873,0.465908408164978,0.9675332779591386,0
phase2_seed101_spies5,2,advanced_timing,0.5,101,none,cluster_spread,5,200,154,0.77,0.154,0.5322814333438873,0.465908408164978,0.4321022406419453,0
phase2_seed101_spies6,2,first_spy,0.5,101,none,cluster_spread,6,200,113,0.565,0.09416666666666666,0.5342462944984436,0.46619951725006104,0.8142311972577796,0
phase2_seed101_spies6,2,advanced_timing,0.5,101,none,cluster_spread,6,200,158,0.79,0.13166666666666668,0.5342462944984436,0.46619951725006104,0.3930771297106521,0
phase2_seed202_spies1,2,first_spy,0.5,202,none,cluster_spread,1,200,24,0.12,0.12,0.5079354405403137,0.5015585422515869,1.7325036407459666,0
phase2_seed202_spies1,2,advanced_timing,0.5,202,none,cluster_spread,1,200,23,0.115,0.115,0.5079354405403137,0.5015585422515869,1.7423474114320232,0
phase2_seed202_spies2,2,first_spy,0.5,202,none,cluster_spread,2,200,43,0.215,0.1075,0.5190462327003479,0.5157979726791382,1.5123893606086352,0
phase2_seed202_spies2,2,advanced_timing,0.5,202,none,cluster_spread,2,200,79,0.395,0.1975,0.5190462327003479,0.5157979726791382,1.1655994435264003,0
phase2_seed202_spies3,2,first_spy,0.5,202,none,cluster_spread,3,200,76,0.38,0.12666666666666668,0.5062217688560486,0.5042827129364014,1.224759657019621,0
phase2_seed202_spies3,2,advanced_timing,0.5,202,none,cluster_spread,3,200,113,0.565,0.18833333333333332,0.5062217688560486,0.5042827129364014,0.8593071787153793,0
phase2_seed202_spies4,2,first_spy,0.5,202,none,cluster_spread,4,200,105,0.525,0.13125,0.5079004788398742,0.5060546398162842,0.9352225874741756,0
phase2_seed202_spies4,2,advanced_timing,0.5,202,none,cluster_spread,4,200,119,0.595,0.14875,0.5079004788398742,0.5060546398162842,0.7974003114253498,0
phase2_seed202_spies5,2,first_spy,0.5,202,none,cluster_spread,5,200,118,0.59,0.118,0.5077812206745148,0.505944013595581,0.8074343502805669,0
phase2_seed202_spies5,2,advanced_timing,0.5,202,none,cluster_spread,5,200,116,0.58,0.11599999999999999,0.5077812206745148,0.505944013595581,0.8271278710191173,0
phase2_seed202_spies6,2,first_spy,0.5,202,none,cluster_spread,6,200,125,0.625,0.10416666666666667,0.5077375340461731,0.5040478706359863,0.7385705701361404,0
phase2_seed202_spies6,2,advanced_timing,0.5,202,none,cluster_spread,6,200,134,0.67,0.11166666666666668,0.5077375340461731,0.5040478706359863,0.6499421017198035,0
phase2_seed303_spies1,2,first_spy,0.5,303,none,cluster_spread,1,200,11,0.055,0.055,0.6189328503608703,0.6088589429855347,1.5268215274872152,0
phase2_seed303_spies1,2,advanced_timing,0.5,303,none,cluster_spread,1,200,33,0.165,0.165,0.6189328503608703,0.6088589429855347,1.3490962703193912,0
phase2_seed303_spies2,2,first_spy,0.5,303,none,cluster_spread,2,200,29,0.145,0.0725,0.6190277373790741,0.6084539890289307,1.3811982054633256,0
phase2_seed303_spies2,2,advanced_timing,0.5,303,none,cluster_spread,2,200,42,0.21,0.105,0.6190277373790741,0.6084539890289307,1.2761948331181605,0
phase2_seed303_spies3,2,first_spy,0.5,303,none,cluster_spread,3,200,112,0.56,0.18666666666666668,0.6175243902206421,0.6095136404037476,0.7125224638378859,0
phase2_seed303_spies3,2,advanced_timing,0.5,303,none,cluster_spread,3,200,153,0.765,0.255,0.6175243902206421,0.6095136404037476,0.38055177045887084,0
phase2_seed303_spies4,2,first_spy,0.5,303,none,cluster_spread,4,200,133,0.665,0.16625,0.6184546446800232,0.6083840131759644,0.541672704509031,0
phase2_seed303_spies4,2,advanced_timing,0.5,303,none,cluster_spread,4,200,162,0.81,0.2025,0.6184546446800232,0.6083840131759644,0.3072173547961668,0
phase2_seed303_spies5,2,first_spy,0.5,303,none,cluster_spread,5,200,148,0.74,0.148,0.6198221635818482,0.6115841865539551,0.41947515799935853,0
phase2_seed303_spies5,2,advanced_timing,0.5,303,none,cluster_spread,5,200,181,0.905,0.181,0.6198221635818482,0.6115841865539551,0.15326976926899633,0
phase2_seed303_spies6,2,first_spy,0.5,303,none,cluster_spread,6,200,149,0.745,0.12416666666666666,0.6232106065750123,0.6122255325317383,0.4091714699809223,0
phase2_seed303_spies6,2,advanced_timing,0.5,303,none,cluster_spread,6,200,174,0.87,0.145,0.6232106065750123,0.6122255325317383,0.2085972199902741,0
phase2_seed404_spies1,2,first_spy,0.5,404,none,cluster_spread,1,200,13,0.065,0.065,0.5267328679561615,0.5110889673233032,1.7750933288594735,0
phase2_seed404_spies1,2,advanced_timing,0.5,404,none,cluster_spread,1,200,21,0.105,0.105,0.5267328679561615,0.5110889673233032,1.6991535073039878,0
phase2_seed404_spies2,2,first_spy,0.5,404,none,cluster_spread,2,200,58,0.29,0.145,0.5256738185882568,0.5117040872573853,1.3506474450387644,0
phase2_seed404_spies2,2,advanced_timing,0.5,404,none,cluster_spread,2,200,111,0.555,0.2775,0.5256738185882568,0.5117040872573853,0.846532553580634,0
phase2_seed404_spies3,2,first_spy,0.5,404,none,cluster_spread,3,200,112,0.56,0.18666666666666668,0.529256751537323,0.5113675594329834,0.8313545339231658,0
phase2_seed404_spies3,2,advanced_timing,0.5,404,none,cluster_spread,3,200,155,0.775,0.25833333333333336,0.529256751537323,0.5113675594329834,0.4251244775743462,0
phase2_seed404_spies4,2,first_spy,0.5,404,none,cluster_spread,4,200,141,0.705,0.17625,0.52766037940979,0.5109661817550659,0.5590717277843937,0
phase2_seed404_spies4,2,advanced_timing,0.5,404,none,cluster_spread,4,200,172,0.86,0.215,0.52766037940979,0.5109661817550659,0.26532217589767837,0
phase2_seed404_spies5,2,first_spy,0.5,404,none,cluster_spread,5,200,147,0.735,0.147,0.5277674043178558,0.5150765180587769,0.5021151322191163,0
phase2_seed404_spies5,2,advanced_timing,0.5,404,none,cluster_spread,5,200,173,0.865,0.173,0.5277674043178558,0.5150765180587769,0.2557945013191725,0
phase2_seed404_spies6,2,first_spy,0.5,404,none,cluster_spread,6,200,160,0.8,0.13333333333333333,0.5274612855911255,0.5122514963150024,0.37917474791701555,0
phase2_seed404_spies6,2,advanced_timing,0.5,404,none,cluster_spread,6,200,189,0.945,0.1575,0.5274612855911255,0.5122514963150024,0.1042730556771794,0
phase2_seed505_spies1,2,first_spy,0.5,505,none,cluster_spread,1,200,46,0.23,0.23,0.9412934267520905,0.9577815532684326,0.8180233475727816,0
phase2_seed505_spies1,2,advanced_timing,0.5,505,none,cluster_spread,1,200,24,0.12,0.12,0.9412934267520905,0.9577815532684326,0.9348838257974648,0
phase2_seed505_spies2,2,first_spy,0.5,505,none,cluster_spread,2,200,70,0.35,0.175,0.9371587491035461,0.9537950754165649,0.693585799227471,0
phase2_seed505_spies2,2,advanced_timing,0.5,505,none,cluster_spread,2,200,98,0.49,0.245,0.9371587491035461,0.9537950754165649,0.544198088624631,0
phase2_seed505_spies3,2,first_spy,0.5,505,none,cluster_spread,3,200,69,0.345,0.11499999999999999,0.9366565442085266,0.9560405015945435,0.699295813444056,0
phase2_seed505_spies3,2,advanced_timing,0.5,505,none,cluster_spread,3,200,94,0.47,0.15666666666666665,0.9366565442085266,0.9560405015945435,0.5658424139318317,0
phase2_seed505_spies4,2,first_spy,0.5,505,none,cluster_spread,4,200,124,0.62,0.155,0.9374079263210296,0.9520933628082275,0.40537314581001654,0
phase2_seed505_spies4,2,advanced_timing,0.5,505,none,cluster_spread,4,200,158,0.79,0.1975,0.9374079263210296,0.9520933628082275,0.2240220016318512,0
phase2_seed505_spies5,2,first_spy,0.5,505,none,cluster_spread,5,200,128,0.64,0.128,0.9397203040122986,0.9459636211395264,0.38309271222822117,0
phase2_seed505_spies5,2,advanced_timing,0.5,505,none,cluster_spread,5,200,170,0.85,0.16999999999999998,0.9397203040122986,0.9459636211395264,0.1596219634284255,0
phase2_seed505_spies6,2,first_spy,0.5,505,none,cluster_spread,6,200,125,0.625,0.10416666666666667,0.9389217352867126,0.9557561874389648,0.3993943114816578,0
phase2_seed505_spies6,2,advanced_timing,0.5,505,none,cluster_spread,6,200,170,0.85,0.14166666666666666,0.9389217352867126,0.9557561874389648,0.15975772459266316,0
phase3_p0.1_seed101,3,no_attack,0.1,101,none,none,0,200,0,0.0,0.0,0.7109865939617157,0.5674605369567871,1.4064962806511745,200
phase3_p0.1_seed202,3,no_attack,0.1,202,none,none,0,200,0,0.0,0.0,0.5718341386318206,0.5640859603881836,1.7487588313503208,200
phase3_p0.1_seed303,3,no_attack,0.1,303,none,none,0,200,0,0.0,0.0,0.8451933419704437,0.789499044418335,1.183161237011933,200
phase3_p0.1_seed404,3,no_attack,0.1,404,none,none,0,200,0,0.0,0.0,0.6903021323680878,0.628587007522583,1.44864104152408,200
phase3_p0.1_seed505,3,no_attack,0.1,505,none,none,0,200,0,0.0,0.0,1.1501513946056365,1.0476830005645752,0.8694507563874925,200
phase3_p0.5_seed101,3,no_attack,0.5,101,none,none,0,200,0,0.0,0.0,0.9434916603565217,0.6961996555328369,1.0598927812696566,200
phase3_p0.5_seed202,3,no_attack,0.5,202,none,none,0,200,0,0.0,0.0,0.9906724953651428,0.6152608394622803,1.0094153261330014,200
phase3_p0.5_seed303,3,no_attack,0.5,303,none,none,0,200,0,0.0,0.0,1.0188437104225159,0.8481210470199585,0.981504807626774,200
phase3_p0.5_seed404,3,no_attack,0.5,404,none,none,0,200,0,0.0,0.0,0.9636131608486176,0.703956127166748,1.0377608366404396,200
phase3_p0.5_seed505,3,no_attack,0.5,505,none,none,0,200,0,0.0,0.0,1.4361064481735228,1.1116712093353271,0.6963272125627078,200
phase3_p0.9_seed101,3,no_attack,0.9,101,none,none,0,200,0,0.0,0.0,2.2506087017059326,2.805517554283142,0.44432423958994416,200
phase3_p0.9_seed202,3,no_attack,0.9,202,none,none,0,200,0,0.0,0.0,2.5599996840953825,3.389546513557434,0.3906250482032252,200
phase3_p0.9_seed303,3,no_attack,0.9,303,none,none,0,200,0,0.0,0.0,2.6453895008563997,3.4612282514572144,0.3780161672510861,200
phase3_p0.9_seed404,3,no_attack,0.9,404,none,none,0,200,0,0.0,0.0,2.34377556681633,3.348078727722168,0.42666201242056256,200
phase3_p0.9_seed505,3,no_attack,0.9,505,none,none,0,200,0,0.0,0.0,3.0463967299461365,3.882856011390686,0.328256654876885,200
phase4_p0.1_seed101_spies3,4,first_spy,0.1,101,none,cluster_spread,3,200,36,0.18,0.06,0.721719423532486,0.5794004201889038,1.1361756012973514,0
phase4_p0.1_seed101_spies3,4,advanced_timing,0.1,101,none,cluster_spread,3,200,93,0.465,0.155,0.721719423532486,0.5794004201889038,0.7412853008464425,0
phase4_p0.1_seed202_spies3,4,first_spy,0.1,202,none,cluster_spread,3,200,32,0.16,0.05333333333333334,0.570444530248642,0.5544500350952148,1.4725358127877322,0
phase4_p0.1_seed202_spies3,4,advanced_timing,0.1,202,none,cluster_spread,3,200,95,0.475,0.15833333333333333,0.570444530248642,0.5544500350952148,0.9203348829923327,0
phase4_p0.1_seed303_spies3,4,first_spy,0.1,303,none,cluster_spread,3,200,33,0.165,0.055,0.831369651556015,0.7939629554748535,1.004366707922511,0
phase4_p0.1_seed303_spies3,4,advanced_timing,0.1,303,none,cluster_spread,3,200,96,0.48,0.16,0.831369651556015,0.7939629554748535,0.6254738779876715,0
phase4_p0.1_seed404_spies3,4,first_spy,0.1,404,none,cluster_spread,3,200,42,0.21,0.06999999999999999,0.6925758826732635,0.6397539377212524,1.1406692317247469,0
phase4_p0.1_seed404_spies3,4,advanced_timing,0.1,404,none,cluster_spread,3,200,106,0.53,0.17666666666666667,0.6925758826732635,0.6397539377212524,0.6786259986210519,0
phase4_p0.1_seed505_spies3,4,first_spy,0.1,505,none,cluster_spread,3,200,52,0.26,0.08666666666666667,1.1172879791259767,1.0478969812393188,0.6623180539173807,0
phase4_p0.1_seed505_spies3,4,advanced_timing,0.1,505,none,cluster_spread,3,200,88,0.44,0.14666666666666667,1.1172879791259767,1.0478969812393188,0.5012136624239638,0
phase4_p0.5_seed101_spies3,4,first_spy,0.5,101,none,cluster_spread,3,200,48,0.24,0.08,0.9314304530620575,0.7227662801742554,0.8159492718984186,0
phase4_p0.5_seed101_spies3,4,advanced_timing,0.5,101,none,cluster_spread,3,200,78,0.39,0.13,0.9314304530620575,0.7227662801742554,0.6549066524447833,0
phase4_p0.5_seed202_spies3,4,first_spy,0.5,202,none,cluster_spread,3,200,36,0.18,0.06,0.9538089215755463,0.6295633316040039,0.8597109771687663,0
phase4_p0.5_seed202_spies3,4,advanced_timing,0.5,202,none,cluster_spread,3,200,73,0.365,0.12166666666666666,0.9538089215755463,0.6295633316040039,0.6657517932953251,0
phase4_p0.5_seed303_spies3,4,first_spy,0.5,303,none,cluster_spread,3,200,39,0.195,0.065,1.0475772619247437,0.8745310306549072,0.7684397411613826,0
phase4_p0.5_seed303_spies3,4,advanced_timing,0.5,303,none,cluster_spread,3,200,73,0.365,0.12166666666666666,1.0475772619247437,0.8745310306549072,0.606160541164569,0
phase4_p0.5_seed404_spies3,4,first_spy,0.5,404,none,cluster_spread,3,200,56,0.28,0.09333333333333334,0.9347447729110718,0.6947983503341675,0.7702637349420066,0
phase4_p0.5_seed404_spies3,4,advanced_timing,0.5,404,none,cluster_spread,3,200,72,0.36,0.12,0.9347447729110718,0.6947983503341675,0.684678875504006,0
phase4_p0.5_seed505_spies3,4,first_spy,0.5,505,none,cluster_spread,3,200,52,0.26,0.08666666666666667,1.4624660909175873,1.1242496967315674,0.5059946378214525,0
phase4_p0.5_seed505_spies3,4,advanced_timing,0.5,505,none,cluster_spread,3,200,65,0.325,0.10833333333333334,1.4624660909175873,1.1242496967315674,0.4615491628776763,0
phase4_p0.9_seed101_spies3,4,first_spy,0.9,101,none,cluster_spread,3,200,34,0.17,0.05666666666666667,2.416454293727875,3.3546801805496216,0.34347846021931383,0
phase4_p0.9_seed101_spies3,4,advanced_timing,0.9,101,none,cluster_spread,3,200,82,0.41,0.13666666666666666,2.416454293727875,3.3546801805496216,0.24415938738481352,0
phase4_p0.9_seed202_spies3,4,first_spy,0.9,202,none,cluster_spread,3,200,50,0.25,0.08333333333333333,2.5415854251384733,3.3897348642349243,0.2950913994791805,0
phase4_p0.9_seed202_spies3,4,advanced_timing,0.9,202,none,cluster_spread,3,200,67,0.335,0.11166666666666668,2.5415854251384733,3.3897348642349243,0.2616477075382067,0
phase4_p0.9_seed303_spies3,4,first_spy,0.9,303,none,cluster_spread,3,200,49,0.245,0.08166666666666667,2.4033784568309784,3.3505589962005615,0.3141411199114766,0
phase4_p0.9_seed303_spies3,4,advanced_timing,0.9,303,none,cluster_spread,3,200,66,0.33,0.11,2.4033784568309784,3.3505589962005615,0.27877423886184016,0
phase4_p0.9_seed404_spies3,4,first_spy,0.9,404,none,cluster_spread,3,200,53,0.265,0.08833333333333333,2.4285422468185427,3.384387493133545,0.3026506954790967,0
phase4_p0.9_seed404_spies3,4,advanced_timing,0.9,404,none,cluster_spread,3,200,69,0.345,0.11499999999999999,2.4285422468185427,3.384387493133545,0.26970912318205215,0
phase4_p0.9_seed505_spies3,4,first_spy,0.9,505,none,cluster_spread,3,200,40,0.2,0.06666666666666667,2.882394199371338,3.8013508319854736,0.2775470475809601,0
phase4_p0.9_seed505_spies3,4,advanced_timing,0.9,505,none,cluster_spread,3,200,51,0.255,0.085,2.882394199371338,3.8013508319854736,0.2584656880597691,0
phase5_p0.1_seed101_spies3_delay_half,5,first_spy,0.1,101,half,cluster_spread,3,200,28,0.14,0.04666666666666667,0.7229054367542267,0.5892664194107056,1.1896438403635672,0
phase5_p0.1_seed101_spies3_delay_half,5,advanced_timing,0.1,101,half,cluster_spread,3,200,96,0.48,0.16,0.7229054367542267,0.5892664194107056,0.719319531382622,0
phase5_p0.1_seed101_spies3_delay_maximum,5,first_spy,0.1,101,maximum,cluster_spread,3,200,34,0.17,0.05666666666666667,0.7857284152507782,0.6303009986877441,1.056344640068912,0
phase5_p0.1_seed101_spies3_delay_maximum,5,advanced_timing,0.1,101,maximum,cluster_spread,3,200,108,0.54,0.18000000000000002,0.7857284152507782,0.6303009986877441,0.5854440173875899,0
phase5_p0.1_seed101_spies3_delay_none,5,first_spy,0.1,101,none,cluster_spread,3,200,30,0.15,0.049999999999999996,0.6998643529415131,0.5801479816436768,1.2145210660143932,0
phase5_p0.1_seed101_spies3_delay_none,5,advanced_timing,0.1,101,none,cluster_spread,3,200,86,0.43,0.14333333333333334,0.6998643529415131,0.5801479816436768,0.8144435383861227,0
phase5_p0.1_seed101_spies3_delay_random,5,first_spy,0.1,101,random,cluster_spread,3,200,38,0.19,0.06333333333333334,0.7430898416042327,0.6131778955459595,1.090043161202846,0
phase5_p0.1_seed101_spies3_delay_random,5,advanced_timing,0.1,101,random,cluster_spread,3,200,96,0.48,0.16,0.7430898416042327,0.6131778955459595,0.6997807948462715,0
phase5_p0.1_seed202_spies3_delay_half,5,first_spy,0.1,202,half,cluster_spread,3,200,32,0.16,0.05333333333333334,0.6251901388168335,0.6049710512161255,1.3435912498391165,0
phase5_p0.1_seed202_spies3_delay_half,5,advanced_timing,0.1,202,half,cluster_spread,3,200,102,0.51,0.17,0.6251901388168335,0.6049710512161255,0.7837615624061512,0
phase5_p0.1_seed202_spies3_delay_maximum,5,first_spy,0.1,202,maximum,cluster_spread,3,200,35,0.175,0.05833333333333333,0.6916202425956726,0.6713889837265015,1.1928511474790688,0
phase5_p0.1_seed202_spies3_delay_maximum,5,advanced_timing,0.1,202,maximum,cluster_spread,3,200,88,0.44,0.14666666666666667,0.6916202425956726,0.6713889837265015,0.8096929001070045,0
phase5_p0.1_seed202_spies3_delay_none,5,first_spy,0.1,202,none,cluster_spread,3,200,34,0.17,0.05666666666666667,0.5741905677318573,0.5605210065841675,1.445513121677756,0
phase5_p0.1_seed202_spies3_delay_none,5,advanced_timing,0.1,202,none,cluster_spread,3,200,91,0.455,0.15166666666666667,0.5741905677318573,0.5605210065841675,0.9491622304992493,0
phase5_p0.1_seed202_spies3_delay_random,5,first_spy,0.1,202,random,cluster_spread,3,200,34,0.17,0.05666666666666667,0.6255856037139893,0.5945861339569092,1.326756873995244,0
phase5_p0.1_seed202_spies3_delay_random,5,advanced_timing,0.1,202,random,cluster_spread,3,200,98,0.49,0.16333333333333333,0.6255856037139893,0.5945861339569092,0.8152361514910536,0
phase5_p0.1_seed303_spies3_delay_half,5,first_spy,0.1,303,half,cluster_spread,3,200,35,0.175,0.05833333333333333,0.8994632923603058,0.8481073379516602,0.9172136395195132,0
phase5_p0.1_seed303_spies3_delay_half,5,advanced_timing,0.1,303,half,cluster_spread,3,200,112,0.56,0.18666666666666668,0.8994632923603058,0.8481073379516602,0.48918060774374034,0
phase5_p0.1_seed303_spies3_delay_maximum,5,first_spy,0.1,303,maximum,cluster_spread,3,200,38,0.19,0.06333333333333334,0.9089777886867523,0.8483842611312866,0.89111088310557,0
phase5_p0.1_seed303_spies3_delay_maximum,5,advanced_timing,0.1,303,maximum,cluster_spread,3,200,110,0.55,0.18333333333333335,0.9089777886867523,0.8483842611312866,0.49506160172531655,0
phase5_p0.1_seed303_spies3_delay_none,5,first_spy,0.1,303,none,cluster_spread,3,200,31,0.155,0.051666666666666666,0.8419630789756775,0.789687991142273,1.0036069527276863,0
phase5_p0.1_seed303_spies3_delay_none,5,advanced_timing,0.1,303,none,cluster_spread,3,200,94,0.47,0.15666666666666665,0.8419630789756775,0.789687991142273,0.6294812839593773,0
phase5_p0.1_seed303_spies3_delay_random,5,first_spy,0.1,303,random,cluster_spread,3,200,43,0.215,0.07166666666666667,0.8794571244716645,0.8100899457931519,0.8925961006587901,0
phase5_p0.1_seed303_spies3_delay_random,5,advanced_timing,0.1,303,random,cluster_spread,3,200,111,0.555,0.18500000000000003,0.8794571244716645,0.8100899457931519,0.5059939678893778,0
phase5_p0.1_seed404_spies3_delay_half,5,first_spy,0.1,404,half,cluster_spread,3,200,43,0.215,0.07166666666666667,0.7508729875087738,0.6893080472946167,1.045449780534058,0
phase5_p0.1_seed404_spies3_delay_half,5,advanced_timing,0.1,404,half,cluster_spread,3,200,111,0.555,0.18500000000000003,0.7508729875087738,0.6893080472946167,0.5926435061626187,0
phase5_p0.1_seed404_spies3_delay_maximum,5,first_spy,0.1,404,maximum,cluster_spread,3,200,52,0.26,0.08666666666666667,0.8101197516918183,0.7264740467071533,0.9134452017181617,0
phase5_p0.1_seed404_spies3_delay_maximum,5,advanced_timing,0.1,404,maximum,cluster_spread,3,200,109,0.545,0.18166666666666667,0.8101197516918183,0.7264740467071533,0.5616453605158966,0
phase5_p0.1_seed404_spies3_delay_none,5,first_spy,0.1,404,none,cluster_spread,3,200,55,0.275,0.09166666666666667,0.7150740230083465,0.6316053867340088,1.0138810482163712,0
phase5_p0.1_seed404_spies3_delay_none,5,advanced_timing,0.1,404,none,cluster_spread,3,200,101,0.505,0.16833333333333333,0.7150740230083465,0.6316053867340088,0.6922360260235914,0
phase5_p0.1_seed404_spies3_delay_random,5,first_spy,0.1,404,random,cluster_spread,3,200,45,0.225,0.075,0.7529123032093048,0.693891167640686,1.029336347269856,0
phase5_p0.1_seed404_spies3_delay_random,5,advanced_timing,0.1,404,random,cluster_spread,3,200,107,0.535,0.17833333333333334,0.7529123032093048,0.693891167640686,0.6176018083619135,0
phase5_p0.1_seed505_spies3_delay_half,5,first_spy,0.1,505,half,cluster_spread,3,200,47,0.235,0.07833333333333332,1.3119958317279816,1.177032470703125,0.583081120762744,0
phase5_p0.1_seed505_spies3_delay_half,5,advanced_timing,0.1,505,half,cluster_spread,3,200,80,0.4,0.13333333333333333,1.3119958317279816,1.177032470703125,0.45731852608842666,0
phase5_p0.1_seed505_spies3_delay_maximum,5,first_spy,0.1,505,maximum,cluster_spread,3,200,48,0.24,0.08,1.3422941541671753,1.2517969608306885,0.5661948222307063,0
phase5_p0.1_seed505_spies3_delay_maximum,5,advanced_timing,0.1,505,maximum,cluster_spread,3,200,93,0.465,0.155,1.3422941541671753,1.2517969608306885,0.3985713551229313,0
phase5_p0.1_seed505_spies3_delay_none,5,first_spy,0.1,505,none,cluster_spread,3,200,41,0.205,0.06833333333333333,1.175937385559082,1.0419100522994995,0.6760564038212197,0
phase5_p0.1_seed505_spies3_delay_none,5,advanced_timing,0.1,505,none,cluster_spread,3,200,75,0.375,0.125,1.175937385559082,1.0419100522994995,0.5314908835072482,0
phase5_p0.1_seed505_spies3_delay_random,5,first_spy,0.1,505,random,cluster_spread,3,200,46,0.23,0.07666666666666667,1.2760456061363221,1.1699374914169312,0.6034267084947272,0
phase5_p0.1_seed505_spies3_delay_random,5,advanced_timing,0.1,505,random,cluster_spread,3,200,84,0.42,0.13999999999999999,1.2760456061363221,1.1699374914169312,0.4545292089960284,0
phase5_p0.5_seed101_spies3_delay_half,5,first_spy,0.5,101,half,cluster_spread,3,200,40,0.2,0.06666666666666667,0.9524715340137482,0.7251580953598022,0.8399201145978318,0
phase5_p0.5_seed101_spies3_delay_half,5,advanced_timing,0.5,101,half,cluster_spread,3,200,82,0.41,0.13666666666666666,0.9524715340137482,0.7251580953598022,0.619441084515901,0
phase5_p0.5_seed101_spies3_delay_maximum,5,first_spy,0.5,101,maximum,cluster_spread,3,200,41,0.205,0.06833333333333333,1.0853963232040404,0.7655556201934814,0.7324513479585008,0
phase5_p0.5_seed101_spies3_delay_maximum,5,advanced_timing,0.5,101,maximum,cluster_spread,3,200,74,0.37,0.12333333333333334,1.0853963232040404,0.7655556201934814,0.580433143665227,0
phase5_p0.5_seed101_spies3_delay_none,5,first_spy,0.5,101,none,cluster_spread,3,200,40,0.2,0.06666666666666667,1.0439044392108918,0.7127755880355835,0.7663536718023117,0
phase5_p0.5_seed101_spies3_delay_none,5,advanced_timing,0.5,101,none,cluster_spread,3,200,65,0.325,0.10833333333333334,1.0439044392108918,0.7127755880355835,0.6466109105832005,0
phase5_p0.5_seed101_spies3_delay_random,5,first_spy,0.5,101,random,cluster_spread,3,200,42,0.21,0.06999999999999999,0.9918473613262176,0.722133994102478,0.7964935239064166,0
phase5_p0.5_seed101_spies3_delay_random,5,advanced_timing,0.5,101,random,cluster_spread,3,200,76,0.38,0.12666666666666668,0.9918473613262176,0.722133994102478,0.6250961833189599,0
phase5_p0.5_seed202_spies3_delay_half,5,first_spy,0.5,202,half,cluster_spread,3,200,39,0.195,0.065,0.9108221197128296,0.6514734029769897,0.8838169194373607,0
phase5_p0.5_seed202_spies3_delay_half,5,advanced_timing,0.5,202,half,cluster_spread,3,200,79,0.395,0.13166666666666668,0.9108221197128296,0.6514734029769897,0.664235076098886,0
phase5_p0.5_seed202_spies3_delay_maximum,5,first_spy,0.5,202,maximum,cluster_spread,3,200,40,0.2,0.06666666666666667,0.9907042169570923,0.7194185256958008,0.8075064043405078,0
phase5_p0.5_seed202_spies3_delay_maximum,5,advanced_timing,0.5,202,maximum,cluster_spread,3,200,70,0.35,0.11666666666666665,0.9907042169570923,0.7194185256958008,0.6560989535266626,0
phase5_p0.5_seed202_spies3_delay_none,5,first_spy,0.5,202,none,cluster_spread,3,200,36,0.18,0.06,1.033779466152191,0.5947225093841553,0.7932059272294361,0
phase5_p0.5_seed202_spies3_delay_none,5,advanced_timing,0.5,202,none,cluster_spread,3,200,65,0.325,0.10833333333333334,1.033779466152191,0.5947225093841553,0.6529439035120358,0
phase5_p0.5_seed202_spies3_delay_random,5,first_spy,0.5,202,random,cluster_spread,3,200,41,0.205,0.06833333333333333,0.8689300620555878,0.6515754461288452,0.9149182825132154,0
phase5_p0.5_seed202_spies3_delay_random,5,advanced_timing,0.5,202,random,cluster_spread,3,200,66,0.33,0.11,0.8689300620555878,0.6515754461288452,0.7710632066463574,0
phase5_p0.5_seed303_spies3_delay_half,5,first_spy,0.5,303,half,cluster_spread,3,200,37,0.185,0.06166666666666667,1.2241433537006379,0.96013343334198,0.6657716986627588,0
phase5_p0.5_seed303_spies3_delay_half,5,advanced_timing,0.5,303,half,cluster_spread,3,200,65,0.325,0.10833333333333334,1.2241433537006379,0.96013343334198,0.5514060080949229,0
phase5_p0.5_seed303_spies3_delay_maximum,5,first_spy,0.5,303,maximum,cluster_spread,3,200,45,0.225,0.075,1.1817345309257508,0.958625078201294,0.6558156504006685,0
phase5_p0.5_seed303_spies3_delay_maximum,5,advanced_timing,0.5,303,maximum,cluster_spread,3,200,68,0.34,0.11333333333333334,1.1817345309257508,0.958625078201294,0.5585010700186337,0
phase5_p0.5_seed303_spies3_delay_none,5,first_spy,0.5,303,none,cluster_spread,3,200,38,0.19,0.06333333333333334,1.0488124620914459,0.8583985567092896,0.7723020361378736,0
phase5_p0.5_seed303_spies3_delay_none,5,advanced_timing,0.5,303,none,cluster_spread,3,200,74,0.37,0.12333333333333334,1.0488124620914459,0.8583985567092896,0.6006793614405683,0
phase5_p0.5_seed303_spies3_delay_random,5,first_spy,0.5,303,random,cluster_spread,3,200,38,0.19,0.06333333333333334,1.1388260924816132,0.8909395933151245,0.7112587297986219,0
phase5_p0.5_seed303_spies3_delay_random,5,advanced_timing,0.5,303,random,cluster_spread,3,200,78,0.39,0.13,1.1388260924816132,0.8909395933151245,0.5356392903421721,0
phase5_p0.5_seed404_spies3_delay_half,5,first_spy,0.5,404,half,cluster_spread,3,200,49,0.245,0.08166666666666667,1.2020025753974914,0.7760274410247803,0.6281184545302062,0
phase5_p0.5_seed404_spies3_delay_half,5,advanced_timing,0.5,404,half,cluster_spread,3,200,59,0.295,0.09833333333333333,1.2020025753974914,0.7760274410247803,0.5865212058858217,0
phase5_p0.5_seed404_spies3_delay_maximum,5,first_spy,0.5,404,maximum,cluster_spread,3,200,55,0.275,0.09166666666666667,1.1703672111034393,0.8512630462646484,0.6194636974804338,0
phase5_p0.5_seed404_spies3_delay_maximum,5,advanced_timing,0.5,404,maximum,cluster_spread,3,200,82,0.41,0.13666666666666666,1.1703672111034393,0.8512630462646484,0.5041152848461462,0
phase5_p0.5_seed404_spies3_delay_none,5,first_spy,0.5,404,none,cluster_spread,3,200,48,0.24,0.08,0.9867599213123321,0.6919430494308472,0.7701974751763784,0
phase5_p0.5_seed404_spies3_delay_none,5,advanced_timing,0.5,404,none,cluster_spread,3,200,76,0.38,0.12666666666666668,0.9867599213123321,0.6919430494308472,0.6283189929070455,0
phase5_p0.5_seed404_spies3_delay_random,5,first_spy,0.5,404,random,cluster_spread,3,200,48,0.24,0.08,0.963447402715683,0.7648733854293823,0.7888339289283226,0
phase5_p0.5_seed404_spies3_delay_random,5,advanced_timing,0.5,404,random,cluster_spread,3,200,77,0.385,0.12833333333333333,0.963447402715683,0.7648733854293823,0.6383327188038399,0
phase5_p0.5_seed505_spies3_delay_half,5,first_spy,0.5,505,half,cluster_spread,3,200,48,0.24,0.08,1.5055985522270203,1.2667369842529297,0.5047826320474597,0
phase5_p0.5_seed505_spies3_delay_half,5,advanced_timing,0.5,505,half,cluster_spread,3,200,63,0.315,0.105,1.5055985522270203,1.2667369842529297,0.4549685565164604,0
phase5_p0.5_seed505_spies3_delay_maximum,5,first_spy,0.5,505,maximum,cluster_spread,3,200,53,0.265,0.08833333333333333,1.7304759478569032,1.3792259693145752,0.424738639627009,0
phase5_p0.5_seed505_spies3_delay_maximum,5,advanced_timing,0.5,505,maximum,cluster_spread,3,200,62,0.31,0.10333333333333333,1.7304759478569032,1.3792259693145752,0.3987342331192329,0
phase5_p0.5_seed505_spies3_delay_none,5,first_spy,0.5,505,none,cluster_spread,3,200,49,0.245,0.08166666666666667,1.318440055847168,1.1232991218566895,0.5726464367125681,0
phase5_p0.5_seed505_spies3_delay_none,5,advanced_timing,0.5,505,none,cluster_spread,3,200,62,0.31,0.10333333333333333,1.318440055847168,1.1232991218566895,0.5233457501081747,0
phase5_p0.5_seed505_spies3_delay_random,5,first_spy,0.5,505,random,cluster_spread,3,200,55,0.275,0.09166666666666667,1.5346791207790376,1.2619720697402954,0.4724114573422839,0
phase5_p0.5_seed505_spies3_delay_random,5,advanced_timing,0.5,505,random,cluster_spread,3,200,63,0.315,0.105,1.5346791207790376,1.2619720697402954,0.4463473769371924,0
phase5_p0.9_seed101_spies3_delay_half,5,first_spy,0.9,101,half,cluster_spread,3,200,39,0.195,0.065,2.4298457050323488,3.3866928815841675,0.3312967561408525,0
phase5_p0.9_seed101_spies3_delay_half,5,advanced_timing,0.9,101,half,cluster_spread,3,200,65,0.325,0.10833333333333334,2.4298457050323488,3.3866928815841675,0.2777954166398453,0
phase5_p0.9_seed101_spies3_delay_maximum,5,first_spy,0.9,101,maximum,cluster_spread,3,200,47,0.235,0.07833333333333332,2.458417674303055,3.3865625858306885,0.31117576480036996,0
phase5_p0.9_seed101_spies3_delay_maximum,5,advanced_timing,0.9,101,maximum,cluster_spread,3,200,79,0.395,0.13166666666666668,2.458417674303055,3.3865625858306885,0.24609325190094616,0
phase5_p0.9_seed101_spies3_delay_none,5,first_spy,0.9,101,none,cluster_spread,3,200,39,0.195,0.065,2.312110192775726,3.2946449518203735,0.3481667969438707,0
phase5_p0.9_seed101_spies3_delay_none,5,advanced_timing,0.9,101,none,cluster_spread,3,200,69,0.345,0.11499999999999999,2.312110192775726,3.2946449518203735,0.28329099627109977,0
phase5_p0.9_seed101_spies3_delay_random,5,first_spy,0.9,101,random,cluster_spread,3,200,44,0.22,0.07333333333333333,2.2837412798404695,2.6051865816116333,0.34154481809536974,0
phase5_p0.9_seed101_spies3_delay_random,5,advanced_timing,0.9,101,random,cluster_spread,3,200,68,0.34,0.11333333333333334,2.2837412798404695,2.6051865816116333,0.2889994614653128,0
phase5_p0.9_seed202_spies3_delay_half,5,first_spy,0.9,202,half,cluster_spread,3,200,46,0.23,0.07666666666666667,2.522738139629364,3.3814470767974854,0.3052239104424556,0
phase5_p0.9_seed202_spies3_delay_half,5,advanced_timing,0.9,202,half,cluster_spread,3,200,70,0.35,0.11666666666666665,2.522738139629364,3.3814470767974854,0.25765654777609887,0
phase5_p0.9_seed202_spies3_delay_maximum,5,first_spy,0.9,202,maximum,cluster_spread,3,200,39,0.195,0.065,2.4285148048400877,3.3831541538238525,0.33147831686906576,0
phase5_p0.9_seed202_spies3_delay_maximum,5,advanced_timing,0.9,202,maximum,cluster_spread,3,200,64,0.32,0.10666666666666667,2.4285148048400877,3.3831541538238525,0.2800065285353599,0
phase5_p0.9_seed202_spies3_delay_none,5,first_spy,0.9,202,none,cluster_spread,3,200,43,0.215,0.07166666666666667,2.3377738642692565,3.3351974487304688,0.335789535505555,0
phase5_p0.9_seed202_spies3_delay_none,5,advanced_timing,0.9,202,none,cluster_spread,3,200,62,0.31,0.10333333333333333,2.3377738642692565,3.3351974487304688,0.29515258534883176,0
phase5_p0.9_seed202_spies3_delay_random,5,first_spy,0.9,202,random,cluster_spread,3,200,38,0.19,0.06333333333333334,2.4141481626033783,3.3489521741867065,0.33552207463791667,0
phase5_p0.9_seed202_spies3_delay_random,5,advanced_timing,0.9,202,random,cluster_spread,3,200,60,0.3,0.09999999999999999,2.4141481626033783,3.3489521741867065,0.2899573484525205,0
phase5_p0.9_seed303_spies3_delay_half,5,first_spy,0.9,303,half,cluster_spread,3,200,55,0.275,0.09166666666666667,2.611395374536514,3.4709465503692627,0.27762934983703,0
phase5_p0.9_seed303_spies3_delay_half,5,advanced_timing,0.9,303,half,cluster_spread,3,200,64,0.32,0.10666666666666667,2.611395374536514,3.4709465503692627,0.2603971832954213,0
phase5_p0.9_seed303_spies3_delay_maximum,5,first_spy,0.9,303,maximum,cluster_spread,3,200,45,0.225,0.075,2.743244912624359,3.4918935298919678,0.2825121433501855,0
phase5_p0.9_seed303_spies3_delay_maximum,5,advanced_timing,0.9,303,maximum,cluster_spread,3,200,64,0.32,0.10666666666666667,2.743244912624359,3.4918935298919678,0.2478816225524208,0
phase5_p0.9_seed303_spies3_delay_none,5,first_spy,0.9,303,none,cluster_spread,3,200,47,0.235,0.07833333333333332,2.7469039595127107,3.4956103563308716,0.27849535741894227,0
phase5_p0.9_seed303_spies3_delay_none,5,advanced_timing,0.9,303,none,cluster_spread,3,200,73,0.365,0.12166666666666666,2.7469039595127107,3.4956103563308716,0.23116934896866448,0
phase5_p0.9_seed303_spies3_delay_random,5,first_spy,0.9,303,random,cluster_spread,3,200,44,0.22,0.07333333333333333,2.4523336136341096,3.3460899591445923,0.3180643920808634,0
phase5_p0.9_seed303_spies3_delay_random,5,advanced_timing,0.9,303,random,cluster_spread,3,200,69,0.345,0.11499999999999999,2.4523336136341096,3.3460899591445923,0.2670925343755968,0
phase5_p0.9_seed404_spies3_delay_half,5,first_spy,0.9,404,half,cluster_spread,3,200,63,0.315,0.105,2.66845046043396,3.443881869316101,0.25670328535482767,0
phase5_p0.9_seed404_spies3_delay_half,5,advanced_timing,0.9,404,half,cluster_spread,3,200,85,0.425,0.14166666666666666,2.66845046043396,3.443881869316101,0.21548085996938085,0
phase5_p0.9_seed404_spies3_delay_maximum,5,first_spy,0.9,404,maximum,cluster_spread,3,200,56,0.28,0.09333333333333334,2.6104178655147554,3.4400490522384644,0.27581791004101225,0
phase5_p0.9_seed404_spies3_delay_maximum,5,advanced_timing,0.9,404,maximum,cluster_spread,3,200,80,0.4,0.13333333333333333,2.6104178655147554,3.4400490522384644,0.2298482583675102,0
phase5_p0.9_seed404_spies3_delay_none,5,first_spy,0.9,404,none,cluster_spread,3,200,49,0.245,0.08166666666666667,2.644701316356659,3.40047550201416,0.2854764715132702,0
phase5_p0.9_seed404_spies3_delay_none,5,advanced_timing,0.9,404,none,cluster_spread,3,200,74,0.37,0.12333333333333334,2.644701316356659,3.40047550201416,0.2382121550375632,0
phase5_p0.9_seed404_spies3_delay_random,5,first_spy,0.9,404,random,cluster_spread,3,200,58,0.29,0.09666666666666666,2.5997316133975983,3.413017988204956,0.2731051145206864,0
phase5_p0.9_seed404_spies3_delay_random,5,advanced_timing,0.9,404,random,cluster_spread,3,200,85,0.425,0.14166666666666666,2.5997316133975983,3.413017988204956,0.22117667725266857,0
phase5_p0.9_seed505_spies3_delay_half,5,first_spy,0.9,505,half,cluster_spread,3,200,42,0.21,0.06999999999999999,3.176209981441498,3.962765336036682,0.2487241097458754,0
phase5_p0.9_seed505_spies3_delay_half,5,advanced_timing,0.9,505,half,cluster_spread,3,200,68,0.34,0.11333333333333334,3.176209981441498,3.962765336036682,0.2077948258636427,0
phase5_p0.9_seed505_spies3_delay_maximum,5,first_spy,0.9,505,maximum,cluster_spread,3,200,40,0.2,0.06666666666666667,3.244262661933899,4.089661598205566,0.2465891585742079,0
phase5_p0.9_seed505_spies3_delay_maximum,5,advanced_timing,0.9,505,maximum,cluster_spread,3,200,57,0.285,0.09499999999999999,3.244262661933899,4.089661598205566,0.22038906047569834,0
phase5_p0.9_seed505_spies3_delay_none,5,first_spy,0.9,505,none,cluster_spread,3,200,48,0.24,0.08,2.9178011882305146,3.8176850080490112,0.26047011121443064,0
phase5_p0.9_seed505_spies3_delay_none,5,advanced_timing,0.9,505,none,cluster_spread,3,200,77,0.385,0.12833333333333333,2.9178011882305146,3.8176850080490112,0.21077515578536163,0
phase5_p0.9_seed505_spies3_delay_random,5,first_spy,0.9,505,random,cluster_spread,3,200,41,0.205,0.06833333333333333,2.9862061095237733,3.9371755123138428,0.2662240886402791,0
phase5_p0.9_seed505_spies3_delay_random,5,advanced_timing,0.9,505,random,cluster_spread,3,200,49,0.245,0.08166666666666667,2.9862061095237733,3.9371755123138428,0.2528291659413971,0
